{
  "Clear": {
    "precision": 0.9787644787644788,
    "recall": 0.9566037735849057,
    "f1-score": 0.9675572519083969,
    "support": 1060.0
  },
  "Ambiguous": {
    "precision": 0.9287925696594427,
    "recall": 0.9646302250803859,
    "f1-score": 0.9463722397476341,
    "support": 622.0
  },
  "accuracy": 0.9595719381688466,
  "macro avg": {
    "precision": 0.9537785242119607,
    "recall": 0.9606169993326458,
    "f1-score": 0.9569647458280155,
    "support": 1682.0
  },
  "weighted avg": {
    "precision": 0.9602849737327711,
    "recall": 0.9595719381688466,
    "f1-score": 0.9597230797538223,
    "support": 1682.0
  }
}